<?xml version="1.0" encoding="UTF-8"?>

<!DOCTYPE application-client PUBLIC 
          '-//Sun Microsystems, Inc.//DTD J2EE Application Client 1.3//EN' 
          'http://java.sun.com/dtd/application-client_1_3.dtd'>
<application-client>
    <display-name>BankAdmin</display-name>
    <ejb-ref>
        <ejb-ref-name>ejb/customerController</ejb-ref-name>
        <ejb-ref-type>Session</ejb-ref-type>
        <home>com.sun.ebank.ejb.CustomerControllerHome</home>
        <remote>com.sun.ebank.ejb.CustomerController</remote>
    </ejb-ref>
    <ejb-ref>
        <ejb-ref-name>ejb/accountController</ejb-ref-name>
        <ejb-ref-type>Session</ejb-ref-type>
        <home>com.sun.ebank.ejb.AccountControllerHome</home>
        <remote>com.sun.ebank.ejb.AccountController</remote>
    </ejb-ref>
</application-client>
