<?xml version="1.0" encoding="UTF-8"?>
<ejb-jar xmlns="http://java.sun.com/xml/ns/j2ee" version="2.1"
         xmlns:xsi="http://www.w3.org/2001/XMLSchema-instance" 
         xsi:schemaLocation="http://java.sun.com/xml/ns/j2ee http://java.sun.com/xml/ns/j2ee/ejb-jar_2_1.xsd">
    <display-name>RosterJAR</display-name>
    <enterprise-beans>
        <session>
            <ejb-name>RosterBean</ejb-name>
            <home>roster.RosterHome</home>
            <remote>roster.Roster</remote>
            <ejb-class>roster.RosterBean</ejb-class>
            <session-type>Stateful</session-type>
            <transaction-type>Container</transaction-type>
            <ejb-local-ref>
                <ejb-ref-name>ejb/SimpleLeague</ejb-ref-name>
                <ejb-ref-type>Entity</ejb-ref-type>
                <local-home>team.LocalLeagueHome</local-home>
                <local>team.LocalLeague</local>
                <ejb-link>LeagueBean</ejb-link>
            </ejb-local-ref>
            <ejb-local-ref>
                <ejb-ref-name>ejb/SimplePlayer</ejb-ref-name>
                <ejb-ref-type>Entity</ejb-ref-type>
                <local-home>team.LocalPlayerHome</local-home>
                <local>team.LocalPlayer</local>
                <ejb-link>PlayerBean</ejb-link>
            </ejb-local-ref>
            <ejb-local-ref>
                <ejb-ref-name>ejb/SimpleTeam</ejb-ref-name>
                <ejb-ref-type>Entity</ejb-ref-type>
                <local-home>team.LocalTeamHome</local-home>
                <local>team.LocalTeam</local>
                <ejb-link>TeamBean</ejb-link>
            </ejb-local-ref>
            <security-identity>
                <use-caller-identity/>
            </security-identity>
        </session>
    </enterprise-beans>
    <assembly-descriptor>
        <container-transaction>
            <method>
                <ejb-name>RosterBean</ejb-name>
                <method-intf>Remote</method-intf>
                <method-name>removeTeam</method-name>
                <method-params>
                    <method-param>java.lang.String</method-param>
                </method-params>
            </method>
            <trans-attribute>Required</trans-attribute>
        </container-transaction>
        <container-transaction>
            <method>
                <ejb-name>RosterBean</ejb-name>
                <method-intf>Remote</method-intf>
                <method-name>getPlayersOfTeamCopy</method-name>
                <method-params>
                    <method-param>java.lang.String</method-param>
                </method-params>
            </method>
            <trans-attribute>Required</trans-attribute>
        </container-transaction>
        <container-transaction>
            <method>
                <ejb-name>RosterBean</ejb-name>
                <method-intf>Remote</method-intf>
                <method-name>createPlayer</method-name>
                <method-params>
                    <method-param>util.PlayerDetails</method-param>
                </method-params>
            </method>
            <trans-attribute>Required</trans-attribute>
        </container-transaction>
        <container-transaction>
            <method>
                <ejb-name>RosterBean</ejb-name>
                <method-intf>Remote</method-intf>
                <method-name>getPlayersBySalaryRange</method-name>
                <method-params>
                    <method-param>double</method-param>
                    <method-param>double</method-param>
                </method-params>
            </method>
            <trans-attribute>Required</trans-attribute>
        </container-transaction>
        <container-transaction>
            <method>
                <ejb-name>RosterBean</ejb-name>
                <method-intf>Remote</method-intf>
                <method-name>createTeamInLeague</method-name>
                <method-params>
                    <method-param>util.TeamDetails</method-param>
                    <method-param>java.lang.String</method-param>
                </method-params>
            </method>
            <trans-attribute>Required</trans-attribute>
        </container-transaction>
        <container-transaction>
            <method>
                <ejb-name>RosterBean</ejb-name>
                <method-intf>Remote</method-intf>
                <method-name>getPlayersByHigherSalary</method-name>
                <method-params>
                    <method-param>java.lang.String</method-param>
                </method-params>
            </method>
            <trans-attribute>Required</trans-attribute>
        </container-transaction>
        <container-transaction>
            <method>
                <ejb-name>RosterBean</ejb-name>
                <method-intf>Remote</method-intf>
                <method-name>getAllPlayers</method-name>
            </method>
            <trans-attribute>Required</trans-attribute>
        </container-transaction>
        <container-transaction>
            <method>
                <ejb-name>RosterBean</ejb-name>
                <method-intf>Remote</method-intf>
                <method-name>getPlayersNotOnTeam</method-name>
            </method>
            <trans-attribute>Required</trans-attribute>
        </container-transaction>
        <container-transaction>
            <method>
                <ejb-name>RosterBean</ejb-name>
                <method-intf>Remote</method-intf>
                <method-name>dropPlayer</method-name>
                <method-params>
                    <method-param>java.lang.String</method-param>
                    <method-param>java.lang.String</method-param>
                </method-params>
            </method>
            <trans-attribute>Required</trans-attribute>
        </container-transaction>
        <container-transaction>
            <method>
                <ejb-name>RosterBean</ejb-name>
                <method-intf>Remote</method-intf>
                <method-name>getPlayersByCity</method-name>
                <method-params>
                    <method-param>java.lang.String</method-param>
                </method-params>
            </method>
            <trans-attribute>Required</trans-attribute>
        </container-transaction>
        <container-transaction>
            <method>
                <ejb-name>RosterBean</ejb-name>
                <method-intf>Remote</method-intf>
                <method-name>getPlayersOfTeam</method-name>
                <method-params>
                    <method-param>java.lang.String</method-param>
                </method-params>
            </method>
            <trans-attribute>Required</trans-attribute>
        </container-transaction>
        <container-transaction>
            <method>
                <ejb-name>RosterBean</ejb-name>
                <method-intf>Remote</method-intf>
                <method-name>addPlayer</method-name>
                <method-params>
                    <method-param>java.lang.String</method-param>
                    <method-param>java.lang.String</method-param>
                </method-params>
            </method>
            <trans-attribute>Required</trans-attribute>
        </container-transaction>
        <container-transaction>
            <method>
                <ejb-name>RosterBean</ejb-name>
                <method-intf>Remote</method-intf>
                <method-name>testFinder</method-name>
                <method-params>
                    <method-param>java.lang.String</method-param>
                    <method-param>java.lang.String</method-param>
                    <method-param>java.lang.String</method-param>
                </method-params>
            </method>
            <trans-attribute>Required</trans-attribute>
        </container-transaction>
        <container-transaction>
            <method>
                <ejb-name>RosterBean</ejb-name>
                <method-intf>Remote</method-intf>
                <method-name>getLeaguesOfPlayer</method-name>
                <method-params>
                    <method-param>java.lang.String</method-param>
                </method-params>
            </method>
            <trans-attribute>Required</trans-attribute>
        </container-transaction>
        <container-transaction>
            <method>
                <ejb-name>RosterBean</ejb-name>
                <method-intf>Remote</method-intf>
                <method-name>getSportsOfPlayer</method-name>
                <method-params>
                    <method-param>java.lang.String</method-param>
                </method-params>
            </method>
            <trans-attribute>Required</trans-attribute>
        </container-transaction>
        <container-transaction>
            <method>
                <ejb-name>RosterBean</ejb-name>
                <method-intf>Remote</method-intf>
                <method-name>createLeague</method-name>
                <method-params>
                    <method-param>util.LeagueDetails</method-param>
                </method-params>
            </method>
            <trans-attribute>Required</trans-attribute>
        </container-transaction>
        <container-transaction>
            <method>
                <ejb-name>RosterBean</ejb-name>
                <method-intf>Remote</method-intf>
                <method-name>getPlayersByPosition</method-name>
                <method-params>
                    <method-param>java.lang.String</method-param>
                </method-params>
            </method>
            <trans-attribute>Required</trans-attribute>
        </container-transaction>
        <container-transaction>
            <method>
                <ejb-name>RosterBean</ejb-name>
                <method-intf>Remote</method-intf>
                <method-name>getTeam</method-name>
                <method-params>
                    <method-param>java.lang.String</method-param>
                </method-params>
            </method>
            <trans-attribute>Required</trans-attribute>
        </container-transaction>
        <container-transaction>
            <method>
                <ejb-name>RosterBean</ejb-name>
                <method-intf>Remote</method-intf>
                <method-name>removeLeague</method-name>
                <method-params>
                    <method-param>java.lang.String</method-param>
                </method-params>
            </method>
            <trans-attribute>Required</trans-attribute>
        </container-transaction>
        <container-transaction>
            <method>
                <ejb-name>RosterBean</ejb-name>
                <method-intf>Remote</method-intf>
                <method-name>getTeamsOfLeague</method-name>
                <method-params>
                    <method-param>java.lang.String</method-param>
                </method-params>
            </method>
            <trans-attribute>Required</trans-attribute>
        </container-transaction>
        <container-transaction>
            <method>
                <ejb-name>RosterBean</ejb-name>
                <method-intf>Remote</method-intf>
                <method-name>removePlayer</method-name>
                <method-params>
                    <method-param>java.lang.String</method-param>
                </method-params>
            </method>
            <trans-attribute>Required</trans-attribute>
        </container-transaction>
        <container-transaction>
            <method>
                <ejb-name>RosterBean</ejb-name>
                <method-intf>Remote</method-intf>
                <method-name>getLeague</method-name>
                <method-params>
                    <method-param>java.lang.String</method-param>
                </method-params>
            </method>
            <trans-attribute>Required</trans-attribute>
        </container-transaction>
        <container-transaction>
            <method>
                <ejb-name>RosterBean</ejb-name>
                <method-intf>Remote</method-intf>
                <method-name>getPlayersBySport</method-name>
                <method-params>
                    <method-param>java.lang.String</method-param>
                </method-params>
            </method>
            <trans-attribute>Required</trans-attribute>
        </container-transaction>
        <container-transaction>
            <method>
                <ejb-name>RosterBean</ejb-name>
                <method-intf>Remote</method-intf>
                <method-name>getPlayersByPositionAndName</method-name>
                <method-params>
                    <method-param>java.lang.String</method-param>
                    <method-param>java.lang.String</method-param>
                </method-params>
            </method>
            <trans-attribute>Required</trans-attribute>
        </container-transaction>
        <container-transaction>
            <method>
                <ejb-name>RosterBean</ejb-name>
                <method-intf>Remote</method-intf>
                <method-name>getPlayer</method-name>
                <method-params>
                    <method-param>java.lang.String</method-param>
                </method-params>
            </method>
            <trans-attribute>Required</trans-attribute>
        </container-transaction>
        <container-transaction>
            <method>
                <ejb-name>RosterBean</ejb-name>
                <method-intf>Remote</method-intf>
                <method-name>getPlayersByLeagueId</method-name>
                <method-params>
                    <method-param>java.lang.String</method-param>
                </method-params>
            </method>
            <trans-attribute>Required</trans-attribute>
        </container-transaction>
    </assembly-descriptor>
</ejb-jar>
