<?xml version="1.0" encoding="UTF-8"?>

<!DOCTYPE ejb-jar PUBLIC '-//Sun Microsystems, Inc.//DTD Enterprise JavaBeans 2.0//EN' 'http://java.sun.com/dtd/ejb-jar_2_0.dtd'>

<ejb-jar>
    <display-name>SimpleMessageJAR</display-name>

    <enterprise-beans>
        <message-driven>
            <display-name>SimpleMessageEJB</display-name>
            <ejb-name>SimpleMessageEJB</ejb-name>
            <ejb-class>SimpleMessageBean</ejb-class>
            <transaction-type>Container</transaction-type>
            <message-driven-destination>
                <destination-type>javax.jms.Queue</destination-type>
            </message-driven-destination>
       </message-driven>
   </enterprise-beans>

</ejb-jar>

