 <webservices xmlns="http://java.sun.com/xml/ns/j2ee"
     xmlns:xsi="http://www.w3.org/2001/XMLSchema-instance"
     xsi:schemaLocation="http://java.sun.com/xml/ns/j2ee http://www.ibm.com/webservices/xsd/j2ee_web_services_1_1.xsd"
     version="1.1">

    <webservice-description>
        <webservice-description-name>TellerService</webservice-description-name>
        <wsdl-file>META-INF/wsdl/teller.wsdl</wsdl-file>
        <jaxrpc-mapping-file>META-INF/mapping.xml</jaxrpc-mapping-file>

        <port-component>
            <port-component-name>Teller</port-component-name>
            <wsdl-port>TellerEndpoint</wsdl-port>
            <service-endpoint-interface>com.jboss.ebank.TellerEndpoint</service-endpoint-interface>
            <service-impl-bean>
                <ejb-link>TellerBean</ejb-link>
            </service-impl-bean>
        </port-component>
    </webservice-description>
</webservices>
