<?xml version="1.0" encoding="UTF-8"?>

<!DOCTYPE jboss-web PUBLIC
          "-//JBoss//DTD Web Application 2.4//EN"
          "http://www.jboss.org/j2ee/dtd/jboss-web_4_0.dtd">

<jboss-web>
    <security-domain>java:/jaas/dukesbank</security-domain>
    
    <ejb-ref>
        <ejb-ref-name>ejb/accountController</ejb-ref-name>
        <jndi-name>ebankAccountController</jndi-name>
    </ejb-ref>
    <ejb-ref>
        <ejb-ref-name>ejb/customerController</ejb-ref-name>
        <jndi-name>ebankCustomerController</jndi-name>
    </ejb-ref>
    <ejb-ref>
        <ejb-ref-name>ejb/txController</ejb-ref-name>
        <jndi-name>ebankTxController</jndi-name>
    </ejb-ref>
</jboss-web>
