<?xml version="1.0" encoding="UTF-8"?>

<!DOCTYPE application PUBLIC 
          '-//Sun Microsystems, Inc.//DTD J2EE Application 1.3//EN' 
          'http://java.sun.com/dtd/application_1_3.dtd'>
<application>
    <display-name>RosterApp</display-name>
    <description>Application description</description>
    <module>
        <ejb>roster-ejb.jar</ejb>
    </module>
    <module>
        <java>roster-app-client.jar</java>
    </module>
    <module>
        <ejb>team-ejb.jar</ejb>
    </module>
</application>
