<?xml version="1.0" encoding="UTF-8"?>
<ejb-jar xmlns="http://java.sun.com/xml/ns/j2ee" version="2.1"
         xmlns:xsi="http://www.w3.org/2001/XMLSchema-instance" 
          xsi:schemaLocation="http://java.sun.com/xml/ns/j2ee http://java.sun.com/xml/ns/j2ee/ejb-jar_2_1.xsd">
    <display-name>TeamJAR</display-name>
    <enterprise-beans>
        <entity>
            <ejb-name>TeamBean</ejb-name>
            <local-home>team.LocalTeamHome</local-home>
            <local>team.LocalTeam</local>
            <ejb-class>team.TeamBean</ejb-class>
            <persistence-type>Container</persistence-type>
            <prim-key-class>java.lang.String</prim-key-class>
            <reentrant>false</reentrant>
            <cmp-version>2.x</cmp-version>
            <abstract-schema-name>Team</abstract-schema-name>
            <cmp-field>
                <description>no description</description>
                <field-name>teamId</field-name>
            </cmp-field>
            <cmp-field>
                <description>no description</description>
                <field-name>name</field-name>
            </cmp-field>
            <cmp-field>
                <description>no description</description>
                <field-name>city</field-name>
            </cmp-field>
            <primkey-field>teamId</primkey-field>
            <security-identity>
                <use-caller-identity/>
            </security-identity>
        </entity>
        <entity>
            <ejb-name>LeagueBean</ejb-name>
            <local-home>team.LocalLeagueHome</local-home>
            <local>team.LocalLeague</local>
            <ejb-class>team.LeagueBean</ejb-class>
            <persistence-type>Container</persistence-type>
            <prim-key-class>java.lang.String</prim-key-class>
            <reentrant>false</reentrant>
            <cmp-version>2.x</cmp-version>
            <abstract-schema-name>League</abstract-schema-name>
            <cmp-field>
                <description>no description</description>
                <field-name>leagueId</field-name>
            </cmp-field>
            <cmp-field>
                <description>no description</description>
                <field-name>name</field-name>
            </cmp-field>
            <cmp-field>
                <description>no description</description>
                <field-name>sport</field-name>
            </cmp-field>
            <primkey-field>leagueId</primkey-field>
            <security-identity>
                <use-caller-identity/>
            </security-identity>
        </entity>
        <entity>
            <ejb-name>PlayerBean</ejb-name>
            <local-home>team.LocalPlayerHome</local-home>
            <local>team.LocalPlayer</local>
            <ejb-class>team.PlayerBean</ejb-class>
            <persistence-type>Container</persistence-type>
            <prim-key-class>java.lang.String</prim-key-class>
            <reentrant>false</reentrant>
            <cmp-version>2.x</cmp-version>
            <abstract-schema-name>Player</abstract-schema-name>
            <cmp-field>
                <description>no description</description>
                <field-name>position</field-name>
            </cmp-field>
            <cmp-field>
                <description>no description</description>
                <field-name>playerId</field-name>
            </cmp-field>
            <cmp-field>
                <description>no description</description>
                <field-name>name</field-name>
            </cmp-field>
            <cmp-field>
                <description>no description</description>
                <field-name>salary</field-name>
            </cmp-field>
            <primkey-field>playerId</primkey-field>
            <security-identity>
                <use-caller-identity/>
            </security-identity>
            <query>
                <query-method>
                    <method-name>findAll</method-name>
                    <method-params/>
                </query-method>
                <ejb-ql>select object(p) from Player p</ejb-ql>
            </query>
            <query>
                <query-method>
                    <method-name>findByTest</method-name>
                    <method-params>
                        <method-param>java.lang.String</method-param>
                        <method-param>java.lang.String</method-param>
                        <method-param>java.lang.String</method-param>
                    </method-params>
                </query-method>
                <ejb-ql>select distinct object(p) from Player p where p.name = ?1</ejb-ql>
            </query>
            <query>
                <query-method>
                    <method-name>ejbSelectLeagues</method-name>
                    <method-params>
                        <method-param>team.LocalPlayer</method-param>
                    </method-params>
                </query-method>
                <result-type-mapping>Local</result-type-mapping>
                <ejb-ql>select distinct t.league from Player p, in (p.teams) as
                    t where p = ?1</ejb-ql>
            </query>
            <query>
                <query-method>
                    <method-name>findByHigherSalary</method-name>
                    <method-params>
                        <method-param>java.lang.String</method-param>
                    </method-params>
                </query-method>
                <ejb-ql>select distinct object(p1) from Player p1, Player p2
                    where p1.salary &gt; p2.salary and p2.name = ?1</ejb-ql>
            </query>
            <query>
                <query-method>
                    <method-name>findByPositionAndName</method-name>
                    <method-params>
                        <method-param>java.lang.String</method-param>
                        <method-param>java.lang.String</method-param>
                    </method-params>
                </query-method>
                <ejb-ql>select distinct object(p) from Player p where p.position
                    = ?1 and p.name = ?2</ejb-ql>
            </query>
            <query>
                <query-method>
                    <method-name>findByPosition</method-name>
                    <method-params>
                        <method-param>java.lang.String</method-param>
                    </method-params>
                </query-method>
                <ejb-ql>select distinct object(p) from Player p where p.position
                    = ?1</ejb-ql>
            </query>
            <query>
                <query-method>
                    <method-name>findByLeague</method-name>
                    <method-params>
                        <method-param>team.LocalLeague</method-param>
                    </method-params>
                </query-method>
                <ejb-ql>select distinct object(p) from Player p, in (p.teams) as
                    t where t.league = ?1</ejb-ql>
            </query>
            <query>
                <query-method>
                    <method-name>findNotOnTeam</method-name>
                    <method-params/>
                </query-method>
                <ejb-ql>select object(p) from Player p where p.teams is empty</ejb-ql>
            </query>
            <query>
                <query-method>
                    <method-name>ejbSelectSports</method-name>
                    <method-params>
                        <method-param>team.LocalPlayer</method-param>
                    </method-params>
                </query-method>
                <ejb-ql>select distinct t.league.sport from Player p, in
                    (p.teams) as t where p = ?1</ejb-ql>
            </query>
            <query>
                <query-method>
                    <method-name>findBySalaryRange</method-name>
                    <method-params>
                        <method-param>double</method-param>
                        <method-param>double</method-param>
                    </method-params>
                </query-method>
                <ejb-ql>select distinct object(p) from Player p where p.salary
                    between ?1 and ?2</ejb-ql>
            </query>
            <query>
                <query-method>
                    <method-name>findBySport</method-name>
                    <method-params>
                        <method-param>java.lang.String</method-param>
                    </method-params>
                </query-method>
                <ejb-ql>select distinct object(p) from Player p, in (p.teams) as
                    t where t.league.sport = ?1</ejb-ql>
            </query>
            <query>
                <query-method>
                    <method-name>findByCity</method-name>
                    <method-params>
                        <method-param>java.lang.String</method-param>
                    </method-params>
                </query-method>
                <ejb-ql>select distinct object(p) from Player p, in (p.teams) as
                    t where t.city = ?1</ejb-ql>
            </query>
        </entity>
    </enterprise-beans>
    <relationships>
        <ejb-relation>
            <ejb-relationship-role>
                <multiplicity>Many</multiplicity>
                <relationship-role-source>
                    <ejb-name>PlayerBean</ejb-name>
                </relationship-role-source>
                <cmr-field>
                    <cmr-field-name>teams</cmr-field-name>
                    <cmr-field-type>java.util.Collection</cmr-field-type>
                </cmr-field>
            </ejb-relationship-role>
            <ejb-relationship-role>
                <multiplicity>Many</multiplicity>
                <relationship-role-source>
                    <ejb-name>TeamBean</ejb-name>
                </relationship-role-source>
                <cmr-field>
                    <cmr-field-name>players</cmr-field-name>
                    <cmr-field-type>java.util.Collection</cmr-field-type>
                </cmr-field>
            </ejb-relationship-role>
        </ejb-relation>
        <ejb-relation>
            <ejb-relationship-role>
                <multiplicity>One</multiplicity>
                <relationship-role-source>
                    <ejb-name>LeagueBean</ejb-name>
                </relationship-role-source>
                <cmr-field>
                    <cmr-field-name>teams</cmr-field-name>
                    <cmr-field-type>java.util.Collection</cmr-field-type>
                </cmr-field>
            </ejb-relationship-role>
            <ejb-relationship-role>
                <multiplicity>Many</multiplicity>
                <cascade-delete/>
                <relationship-role-source>
                    <ejb-name>TeamBean</ejb-name>
                </relationship-role-source>
                <cmr-field>
                    <cmr-field-name>league</cmr-field-name>
                </cmr-field>
            </ejb-relationship-role>
        </ejb-relation>
    </relationships>
    <assembly-descriptor>
        <container-transaction>
            <method>
                <ejb-name>PlayerBean</ejb-name>
                <method-intf>Local</method-intf>
                <method-name>getSports</method-name>
            </method>
            <trans-attribute>Required</trans-attribute>
        </container-transaction>
        <container-transaction>
            <method>
                <ejb-name>PlayerBean</ejb-name>
                <method-intf>Local</method-intf>
                <method-name>getPosition</method-name>
            </method>
            <trans-attribute>Required</trans-attribute>
        </container-transaction>
        <container-transaction>
            <method>
                <ejb-name>PlayerBean</ejb-name>
                <method-intf>Local</method-intf>
                <method-name>getName</method-name>
            </method>
            <trans-attribute>Required</trans-attribute>
        </container-transaction>
        <container-transaction>
            <method>
                <ejb-name>PlayerBean</ejb-name>
                <method-intf>Local</method-intf>
                <method-name>getPlayerId</method-name>
            </method>
            <trans-attribute>Required</trans-attribute>
        </container-transaction>
        <container-transaction>
            <method>
                <ejb-name>PlayerBean</ejb-name>
                <method-intf>Local</method-intf>
                <method-name>getLeagues</method-name>
            </method>
            <trans-attribute>Required</trans-attribute>
        </container-transaction>
        <container-transaction>
            <method>
                <ejb-name>PlayerBean</ejb-name>
                <method-intf>Local</method-intf>
                <method-name>remove</method-name>
            </method>
            <trans-attribute>Required</trans-attribute>
        </container-transaction>
        <container-transaction>
            <method>
                <ejb-name>PlayerBean</ejb-name>
                <method-intf>Local</method-intf>
                <method-name>getTeams</method-name>
            </method>
            <trans-attribute>Required</trans-attribute>
        </container-transaction>
        <container-transaction>
            <method>
                <ejb-name>PlayerBean</ejb-name>
                <method-intf>Local</method-intf>
                <method-name>getSalary</method-name>
            </method>
            <trans-attribute>Required</trans-attribute>
        </container-transaction>
    </assembly-descriptor>
</ejb-jar>
