<application xmlns="http://java.sun.com/xml/ns/j2ee" version="1.4"
    xmlns:xsi="http://www.w3.org/2001/XMLSchema-instance" 
    xsi:schemaLocation="http://java.sun.com /xml/ns/j2ee http://java.sun.com/xml
/ns/j2ee/application_1_4.xsd">
    <display-name>HibernateRoster</display-name>
    <description>hibernate example application</description>
    <module>
        <web>
            <web-uri>roster.war</web-uri>
            <context-root>roster</context-root>
        </web>
    </module>
</application>