<!DOCTYPE hibernate-mapping PUBLIC 
          "-//Hibernate/Hibernate Mapping DTD 2.0//EN"
          "http://hibernate.sourceforge.net/hibernate-mapping-2.0.dtd">


<hibernate-mapping>
    <class name="org.jboss.roster.Player" table="PlayerBean">
       <id name="id" type="string" column="playerID"> 
           <generator class="assigned" />
       </id>

       <property name="position" type="string" column="POS"    />
       <property name="name"     type="string" column="name"   />
       <property name="salary"   type="float"  column="salary" />
    </class>
</hibernate-mapping>